{
  "n_images": 300,
  "image_size": 256,
  "brightness_filter": [
    0.3,
    0.7
  ],
  "heads": {
    "clipiqa": {
      "mu": 0.7635150424639384,
      "sigma": 0.08563808066193256,
      "n": 300
    },
    "musiq": {
      "mu": 63.49062867482503,
      "sigma": 5.493844182422995,
      "n": 300
    }
  }
}